{"cameraMode":{"drawMode":2,"name":"Shaded Wireframe","section":"Shading Mode"},"sceneLighting":true,"audioPlay":false,"sceneViewState":{"showFog":true,"showMaterialUpdate":false,"showSkybox":true,"showFlares":true,"showImageEffects":true,"showParticleSystems":true},"in2DMode":false,"pivot":{"x":19.61271095275879,"y":-10.3209228515625,"z":2.616842269897461},"rotation":{"x":0.11683211475610733,"y":0.7603502869606018,"z":-0.14260779321193696,"w":0.6228988766670227},"size":33.00282287597656,"orthographic":false}