{"cameraMode":{"drawMode":2,"name":"Shaded Wireframe","section":"Shading Mode"},"sceneLighting":true,"audioPlay":false,"sceneViewState":{"showFog":true,"showMaterialUpdate":false,"showSkybox":true,"showFlares":true,"showImageEffects":true,"showParticleSystems":true},"in2DMode":false,"pivot":{"x":19.538320541381837,"y":-28.61171531677246,"z":-17.81296730041504},"rotation":{"x":-0.15070486068725587,"y":-0.8493452072143555,"z":0.35150015354156496,"w":-0.36404526233673098},"size":51.248382568359378,"orthographic":false}